<workflow-app name="${Project_Name}" xmlns="uri:oozie:workflow:0.5">

<start to="job_start_insert"/>
<action name="job_start_check_status">
    <shell xmlns="uri:oozie:shell-action:0.1">
        <job-tracker>${JobTracker}</job-tracker>
        <name-node>${NameNode}</name-node>
        <exec>${QueryStatusCheck} </exec>
<argument>${Project_Name}</argument>
<argument>${DataBase}</argument>
<file>${QueryStatusCheck}</file>
<file>${keytab}</file>
<file>${Hive_Site}</file>
        <capture-output/>
    </shell>
    <ok to="check-status"/>
    <error to="kill"/>
</action>

<decision name="check-status">
        <switch>
            <case to="job_start_insert">${ wf:actionData('job_start_check_status')['output'] eq 'success'}</case>
            <default to="Email_Alert_Failure_C"/>
        </switch>
    </decision>

<action name="job_start_insert">
    <sub-workflow>
    <app-path>${InsertSubWfFile}</app-path>
    <propagate-configuration/>
      <configuration>
        <property>
          <name>job_id</name>
          <value>${wf:id()}</value>
        </property>
		<property>
          <name>job_name</name>
          <value>${Project_Name}</value>
        </property>
      </configuration>
    </sub-workflow>
    <ok to="job_completed_update" />
    <error to="job_failed_update" />
  </action>
  <action name="job_completed_update">
    <sub-workflow>
    <app-path>${FinishUpdateSubWfFile}</app-path>
    <propagate-configuration/>
      <configuration>
        <property>
          <name>job_id</name>
          <value>${wf:id()}</value>
        </property>
      </configuration>
    </sub-workflow>
    <ok to="End" />
    <error to="job_failed_update" />
  </action>
  <action name="job_failed_update">
    <sub-workflow>
    <app-path>${FailureUpdateSubWfFile}</app-path>
    <propagate-configuration/>
      <configuration>
        <property>
          <name>job_id</name>
          <value>${wf:id()}</value>
        </property>
        <property>
          <name>error</name>
          <value>${wf:errorMessage(wf:lastErrorNode())}</value>
        </property>
      </configuration>
  </sub-workflow>
<ok to="End" />
    <error to="End" />
  </action>
 <action name="Email_Alert_Failure_C">
         <email xmlns="uri:oozie:email-action:0.1">
                <to>${Email_List}</to>
                <subject>${Project_Name} Oozie workflow Failed </subject>
                <body>${Project_Name} Oozie workflow Failed. Please modify the status as either 'Failed' or 'Completed' against any of the Job Name-'${Project_Name}' </body>
        </email>
    <ok to="kill"/>
    <error to="kill"/>
    </action>
 <kill name="kill">
                <message>"Killed job due to error: ${wf:errorMessage(wf:lastErrorNode())}"</message>
   </kill>
<end name="End"/>

</workflow-app>
