<workflow-app name="${Project} Failed Sub-WF " xmlns="uri:oozie:workflow:0.5">


<start to="Email_Alert_Failure"/>

    <action name="Email_Alert_Failure">
<email xmlns="uri:oozie:email-action:0.1">
      		<to>${Email_List}</to>
      		<subject>${Project} ${YYYYMMDD} Workflow Failed </subject>
      		<body>${Project} ${YYYYMMDD} Workflow Failed.Please check the workflow. 

			${wf:errorMessage(wf:lastErrorNode())}
      	 	</body>
    	</email>
    <ok to="job_failed_event"/>
    <error to="kill"/>
    </action>

<action name="job_failed_event">
    <shell xmlns="uri:oozie:shell-action:0.1">
        <job-tracker>${JobTracker}</job-tracker>
        <name-node>${NameNode}</name-node>
        <exec>event_execute.sh</exec>
		<argument>${Project}</argument>
		<argument>${job_id}</argument>
		<argument>Failed</argument>
		<argument>${Upstream_Event}</argument>
		<argument>${Project}_Pipeline_Failed</argument>
		<argument>${Job_Type}</argument>
		<argument>${ENV}</argument>
		<argument>${Job_Owner}</argument>
		<argument>${Lenses_Host}</argument>
		<argument>${error}</argument>
		<file>${OAI_OPS_Project}/event_execute.sh</file>
		<file>/user/${UserName}/${UserName}.keytab#${UserName}.keytab</file>
		<file>${Hive_Site}</file>
        <capture-output/>
    </shell>
    <ok to="End"/>
    <error to="kill"/>
</action>



<kill name="kill">
                <message>"Action failed, error message[${wf:errorMessage(wf:lastErrorNode())}]"</message>
   </kill>
    <end name="End"/>
</workflow-app>
