<workflow-app name="${Project} Insert Sub-WF " xmlns="uri:oozie:workflow:0.5">

<start to="job_start_trigger"/>

<action name="job_start_trigger">
    <shell xmlns="uri:oozie:shell-action:0.1">
        <job-tracker>${JobTracker}</job-tracker>
        <name-node>${NameNode}</name-node>
        <exec>event_execute.sh</exec>
		<argument>${Project}</argument>
		<argument>${job_id}</argument>
		<argument>Start</argument>
		<argument>${Upstream_Event}</argument>
		<argument>${Downstream_Event}</argument>
		<argument>${Job_Type}</argument>
		<argument>${ENV}</argument>
		<argument>${Job_Owner}</argument>
		<argument>${Lenses_Host}</argument>
		<argument> </argument>
		<file>${OAI_OPS_Project}/event_execute.sh</file>
		<file>/user/${UserName}/${UserName}.keytab#${UserName}.keytab</file>
		<file>${Hive_Site}</file>
        <capture-output/>
    </shell>
    <ok to="End"/>
    <error to="kill"/>
</action>



<kill name="kill">
                <message>"Action failed, error message[${wf:errorMessage(wf:lastErrorNode())}]"</message>
   </kill>
    <end name="End"/>
</workflow-app>
