
<workflow-app name="${job_name} InsertSub-WF " xmlns="uri:oozie:workflow:0.5">

  <credentials>
    <credential name="hcat" type="hcat">
      <property>
        <name>hcat.metastore.uri</name>
        <value>thrift://usamlhdpm02.cotiviti.com:9083</value>
      </property>
      <property>
        <name>hcat.metastore.principal</name>
        <value>hive/usamlhdpm02.cotiviti.com@COTIVITI.COM</value>
      </property>
    </credential>
    <credential name="hive2" type="hive2">
      <property>
        <name>hive2.jdbc.url</name>
        <value>jdbc:hive2://usamlhdpm02.cotiviti.com:10000/default</value>
      </property>
      <property>
        <name>hive2.server.principal</name>
        <value>hive/usamlhdpm02.cotiviti.com@COTIVITI.COM</value>
      </property>
    </credential>
  </credentials>

<start to="job_start_check_status"/>

<action name="job_start_check_status">
    <shell xmlns="uri:oozie:shell-action:0.1">
        <job-tracker>${JobTracker}</job-tracker>
        <name-node>${NameNode}</name-node>
        <exec>${OAI_OPS_Project}/status_check.sh </exec>
		<argument>${Project_Name}</argument>
		<argument>${OAI_OPS_DB}</argument>
		<argument>${OAI_OPS_Table_Name}</argument>  
<argument>${allow_concurrenct_run}</argument>		
<file>${OAI_OPS_Project}/status_check.sh</file>
		<file>/user/${User}/${User}.keytab#${User}.keytab</file>
		<file>${Hive_Site}</file>
        <capture-output/>
    </shell>
    <ok to="check-status"/>
    <error to="kill"/>
</action>

<decision name="check-status">
        <switch>
            <case to="job_start_insert">${ wf:actionData('job_start_check_status')['output'] eq 'success'}</case>
            <default to="job_insert_failure"/>
        </switch>
    </decision>

    <action name="job_start_insert" cred="hive2">
        <hive2 xmlns="uri:oozie:hive2-action:0.1">
            <job-tracker>${JobTracker}</job-tracker>
            <name-node>${NameNode}</name-node>
            <jdbc-url>jdbc:hive2://usamlhdpm02.cotiviti.com:10000/default</jdbc-url>
            <script>${OAI_OPS_Project}/query_hive_trigger_Running.sql</script>
		<param>job_id=${job_id}</param>
		<param>job_name=${job_name}</param>
		<param>user=${User}</param>
		<param>DataBase=${OAI_OPS_DB}</param>
		<param>Table_Name=${OAI_OPS_Table_Name}</param> 
            <file>/etc/hive/conf/hive-site.xml#hive-site.xml</file>
        </hive2>
        <ok to="End"/>
        <error to="kill"/>
</action>
 <action name="job_insert_failure" cred="hive2">
        <hive2 xmlns="uri:oozie:hive2-action:0.1">
            <job-tracker>${JobTracker}</job-tracker>
            <name-node>${NameNode}</name-node>
            <jdbc-url>jdbc:hive2://usamlhdpm02.cotiviti.com:10000/default</jdbc-url>
            <script>${OAI_OPS_Project}/query_hive_trigger_insert_Failed.sql</script>
		<param>job_name=${job_name}</param>
		<param>user=${User}</param>
		<param>DataBase=${OAI_OPS_DB}</param>
		<param>Table_Name=${OAI_OPS_Table_Name}</param>   
		<param>job_id=${job_id}</param>
		<param>error=Unable to start workflow since job-id - ${ wf:actionData('job_start_check_status')['output']} is in "Running" status</param>
		<file>/etc/hive/conf/hive-site.xml#hive-site.xml</file>
        </hive2>
        <ok to="Email_Alert_Failure_C"/>
        <error to="Email_Alert_Failure_C"/>
    </action>



 <action name="Email_Alert_Failure_C">
         <email xmlns="uri:oozie:email-action:0.1">
                <to>${Email_List}</to>
                <subject>${Project_Name} Oozie workflow Failed </subject>
                <body>Unable to start ${Project_Name} workflow since "Job-id" - ${ wf:actionData('job_start_check_status')['output']} is in "Running" status  </body>
        </email>
    <ok to="kill"/>
    <error to="kill"/>
    </action>

<kill name="kill">
                <message>"Action failed, error message[${wf:errorMessage(wf:lastErrorNode())}]"</message>
   </kill>
    <end name="End"/>
</workflow-app>


