
<workflow-app name="${job_name} FailureUpdateSub-WF " xmlns="uri:oozie:workflow:0.5">

  <credentials>
    <credential name="hcat" type="hcat">
      <property>
        <name>hcat.metastore.uri</name>
        <value>thrift://usamlhdpm02.cotiviti.com:9083</value>
      </property>
      <property>
        <name>hcat.metastore.principal</name>
        <value>hive/usamlhdpm02.cotiviti.com@COTIVITI.COM</value>
      </property>
    </credential>
    <credential name="hive2" type="hive2">
      <property>
        <name>hive2.jdbc.url</name>
        <value>jdbc:hive2://usamlhdpm02.cotiviti.com:10000/default</value>
      </property>
      <property>
        <name>hive2.server.principal</name>
        <value>hive/usamlhdpm02.cotiviti.com@COTIVITI.COM</value>
      </property>
    </credential>
  </credentials>

<start to="job_failure_update"/>


    <action name="job_failure_update" cred="hive2">
        <hive2 xmlns="uri:oozie:hive2-action:0.1">
            <job-tracker>${JobTracker}</job-tracker>
            <name-node>${NameNode}</name-node>
            <jdbc-url>jdbc:hive2://usamlhdpm02.cotiviti.com:10000/default</jdbc-url>
            <script>${OAI_OPS_Project}/query_hive_trigger_Failed.sql</script>
		<param>DataBase=${OAI_OPS_DB}</param>
		<param>Table_Name=${OAI_OPS_Table_Name}</param> 
		<param>job_id=${job_id}</param>
		<param>error=${error}</param>           
 	    <file>/etc/hive/conf/hive-site.xml#hive-site.xml</file>
        </hive2>
        <ok to="End"/>
        <error to="End"/>
    </action>


    <end name="End"/>
</workflow-app>


