<workflow-app
	xmlns="uri:oozie:workflow:0.5"
	name="${Project} ${Payer} Master Workflow ${YYYYMMDD}">

  <global>
    <job-tracker>${JobTracker}</job-tracker>
    <name-node>${NameNode}</name-node>
    <configuration>
      <property>
        <name>mapred.job.queue.name</name>
        <value>${QueueName}</value>
      </property>
      <property>
        <name>oozie.launcher.mapred.map.child.java.opts</name>
        <value>-Xmx2048m</value>
      </property>
      <property>
        <name>mapred.map.child.java.opts</name>
        <value>-Xmx8192m</value>
      </property>
      <property>
        <name>mapred.reduce.child.java.opts</name>
        <value>-Xmx6144m</value>
      </property>
    </configuration>
  </global>

  <credentials>
    <credential name="hive2" type="hive2">
      <property>
        <name>hive2.jdbc.url</name>
        <value>jdbc:hive2://usamlhdpm02.cotiviti.com:10000/default</value>
      </property>
      <property>
        <name>hive2.server.principal</name>
        <value>hive/usamlhdpm02.cotiviti.com@COTIVITI.COM</value>
      </property>
    </credential>
  </credentials>

  <start to="Delete_CheckFlag"/>


   
  
  <action name="Delete_CheckFlag">
    <fs>
      <delete path='${Project_Raw_Root}/SepsisModelImportAndRunFlag/${YYYYMMDD}/*'/>
    </fs>
    <ok to="SqoopImportCheckFlag"/>
    <error to="SqoopImportCheckFlag"/>
  </action>
  
   
   <action name="SqoopImportCheckFlag">
    <sub-workflow>
    <app-path>${APP_PATH}/SqoopImportWF.xml</app-path>
    <propagate-configuration/>
      <configuration>
        <property>
          <name>Column_List</name>
          <value>${CheckDCSFlag_Column_List}</value>
        </property>
        <property>
          <name>SourceView</name>
          <value>JobControl</value>
        </property>
        <property>
          <name>Where_Clause</name>
          <value>${Where_ClauseDCSFLAG}</value>
        </property>
        <property>
          <name>Store_Path</name>
          <value>${Project_Raw_Root}SepsisModelImportAndRunFlag/${YYYYMMDD}</value>
        </property>
        <property>
          <name>NameNode</name>
          <value>${NameNode}</value>
        </property>
        <property>
          <name>JobTracker</name>
          <value>${JobTracker}</value>
        </property>
        <property>
          <name>connectURL</name>
          <value>${connectURL}</value>
        </property>
        <property>
          <name>ConnectionManager</name>
          <value>${ConnectionManager}</value>
        </property>
        <property>
          <name>Driver</name>
          <value>${Driver}</value>
        </property>
        <property>
          <name>UserName</name>
          <value>${UserName}</value>
        </property>
        <property>
          <name>PwFilePath</name>
          <value>${PwFilePath}</value>
        </property>
      </configuration>
    </sub-workflow>
    <ok to="SeeIfItsGOTime" />
    <error to="End" />
  </action>
  
   
     <decision name="SeeIfItsGOTime">
    <switch>
      <case to="Email_Alert_Start">${fs:dirSize(CheckFlagPath) gt 1 }</case>
      <default to="End"/>
    </switch>
  </decision>
   
     <action name="Email_Alert_Start">
    <email xmlns="uri:oozie:email-action:0.1">
      <to>${Email_List}</to>
      <subject>${Project} ${Payer} ${YYYYMMDD} Started</subject>
      <body>${Project} ${Payer} ${YYYYMMDD} Started</body>
    </email>
    <ok to="Update_JobDetail_Running"/>
    <error to="Email_Alert_Failure"/>
  </action>
   
  <action name="Update_JobDetail_Running">
    <sqoop xmlns="uri:oozie:sqoop-action:0.2">
      <job-tracker>${JobTracker}</job-tracker>
      <name-node>${NameNode}</name-node>
      <arg>eval</arg>
      <arg>--connect</arg>
      <arg>${connectURL}</arg>
      <arg>--username</arg>
      <arg>${UserName}</arg>
      <arg>--password-file</arg>
      <arg>${PwFilePath}</arg>
      <arg>--query</arg>
      <arg>update JobControl
      	   set Status = 'HadoopExportRunning', ExportStartTime = getdate()
      	   where jobname = 'DCS_SepsisModelRun'
		   and Status = 'ReadyToExport'
      </arg>
    </sqoop>
    <ok to="Sqoop_COE_HDR_Sub_WF"/>
    <error to="Email_Alert_Failure"/>
  </action>
  

  <action name="Sqoop_COE_HDR_Sub_WF">
    <sub-workflow>
    <app-path>${APP_PATH}/SqoopImportWF.xml</app-path>
    <propagate-configuration/>
      <configuration>
        <property>
          <name>Column_List</name>
          <value>${HDR}</value>
        </property>
        <property>
          <name>SourceView</name>
          <value>CUBE_Hdr</value>
        </property>
        <property>
          <name>Where_Clause</name>
          <value>${Where_Clause}</value>
        </property>
        <property>
          <name>Store_Path</name>
          <value>${Project_Raw_Root}/COE/COE_HDR_4Sepsis/${YYYYMMDD}</value>
        </property>
        <property>
          <name>NameNode</name>
          <value>${NameNode}</value>
        </property>
        <property>
          <name>JobTracker</name>
          <value>${JobTracker}</value>
        </property>
        <property>
          <name>connectURL</name>
          <value>${connectURL}</value>
        </property>
        <property>
          <name>ConnectionManager</name>
          <value>${ConnectionManager}</value>
        </property>
        <property>
          <name>Driver</name>
          <value>${Driver}</value>
        </property>
        <property>
          <name>UserName</name>
          <value>${UserName}</value>
        </property>
        <property>
          <name>PwFilePath</name>
          <value>${PwFilePath}</value>
        </property>
		 <property>
			<name>oozie.launcher.mapreduce.map.memory.mb</name>
			<value>10240</value>
		</property>
		<property>
			<name>oozie.launcher.mapreduce.map.java.opts</name>
			<value>-Xmx7168m</value>
		</property>
		<property>
			<name>oozie.launcher.yarn.app.mapreduce.am.resource.mb</name>
			<value>20480</value>
		</property>
		<property>
			<name>oozie.launcher.mapreduce.map.java.opts</name>
			<value>-Xmx11111m</value>
		</property>
      </configuration>
    </sub-workflow>
    <ok to="Create_Impala_Tables_off_Parquet" />
    <error to="Email_Alert_Failure" />
  </action>
  

  <action name="Create_Impala_Tables_off_Parquet">
    <shell xmlns="uri:oozie:shell-action:0.1">
      <job-tracker>${JobTracker}</job-tracker>
      <name-node>${NameNode}</name-node>
      <exec>${ImportNewTablesShell}</exec>
        <argument>${Payer}</argument>
		<argument>${YYYYMMDD}</argument>
        <file>${ImportNewTablesShell}#${ImportNewTablesShell}</file>
        <file>LoadTablesToImpala.hql#LoadTablesToImpala.hql</file>
        <file>svcpml.keytab#svcpml.keytab</file>
                    <!--capture-output/-->
    </shell>
    <ok to="PrepareDataForModelShell"/>
    <error to="Email_Alert_Failure"/>
  </action>
  
  
  <action name="PrepareDataForModelShell">
    <shell xmlns="uri:oozie:shell-action:0.1">
      <job-tracker>${JobTracker}</job-tracker>
      <name-node>${NameNode}</name-node>
      <exec>${ShellScript}</exec>
	  <env-var>HADOOP_USER_NAME=${wf:user()}</env-var>
        <file>${ShellScript}#${ShellScript}</file>
		<file>${hiveFile}#${hiveFile}</file>
		<file>${SparkFile}#${SparkFile}</file>
		<file>${SparkFile2}#${SparkFile2}</file>
		<file>${SparkFile3}#${SparkFile3}</file>
		<file>${SparkFile4}#${SparkFile4}</file>
		<file>${SparkFile5}#${SparkFile5}</file>
		<file>${SparkFile6}#${SparkFile6}</file>
		<file>${SparkFile7}#${SparkFile7}</file>
        <file>svcpml.keytab#svcpml.keytab</file>
                    <!--capture-output/-->
    </shell>
    <ok to="RunYieldModel"/>
    <error to="Email_Alert_Failure"/>
  </action>

   
    <action name="RunYieldModel">
        <ssh xmlns="uri:oozie:ssh-action:0.1">
			<host>svcpml@10.1.99.99</host>
			<command>/home/svcpml/SepsisModel/DataScoringShell.sh</command>
 		<capture-output/>
        </ssh>
    <ok to="Export_Back_To_SQL"/>
        <error to="Email_Alert_Failure"/>
    </action>


 <action name="Export_Back_To_SQL">
    <sqoop xmlns="uri:oozie:sqoop-action:0.2">
      <job-tracker>${JobTracker}</job-tracker>
      <name-node>${NameNode}</name-node>
      <configuration>
        <property>
          <name>mapred.job.queue.name</name>
          <value>${QueueName}</value>
        </property>
        <property>
          <name>mapreduce.framework.name</name>
          <value>yarn</value>
        </property>
      </configuration>
      <arg>export</arg>
      <arg>--connect</arg>
      <arg>${connectURL}</arg>
      <arg>--driver</arg>
      <arg>${Driver}</arg>
      <arg>--username</arg>
      <arg>${UserName}</arg>
      <arg>--password-file</arg>
      <arg>${PwFilePath}</arg>
      <arg>--connection-manager</arg>
      <arg>${ConnectionManager}</arg>
      <arg>--table</arg>
      <arg>${ExportTable}</arg>
      <arg>--columns</arg>
      <arg>${ExportTableColumns}</arg>
	  <arg>--input-fields-terminated-by</arg>
      <arg>,</arg>
	  <arg>--input-optionally-enclosed-by</arg>
	  <arg>"</arg>
      <arg>--export-dir</arg>
      <arg>${ExportResultsPath1}</arg>
      <arg>-m</arg>
      <arg>1</arg>
    </sqoop>
    <ok to="Update_JobDetail_Finished"/>
    <error to="Email_Alert_Failure"/>
  </action>
 
 
  <action name="Update_JobDetail_Finished">
    <sqoop xmlns="uri:oozie:sqoop-action:0.2">
      <job-tracker>${JobTracker}</job-tracker>
      <name-node>${NameNode}</name-node>
      <arg>eval</arg>
      <arg>--connect</arg>
      <arg>${connectURL}</arg>
      <arg>--username</arg>
      <arg>${UserName}</arg>
      <arg>--password-file</arg>
      <arg>${PwFilePath}</arg>
      <arg>--query</arg>
      <arg>update JobControl
      	   set Status = 'HadoopExportComplete', ExportStopTime = getdate()
      	   where jobname = 'DCS_SepsisModelRun'
		   and Status = 'HadoopExportRunning'
      </arg>
    </sqoop>
    <ok to="Email_Alert_Success"/>
    <error to="Email_Alert_Failure"/>
  </action>



  <action name="Email_Alert_Success">
    <email xmlns="uri:oozie:email-action:0.1">
      <to>${Email_List}</to>
      <subject>${Project} ${Payer} ${YYYYMMDD} Completed</subject>
      <body>${Project} ${Payer} ${YYYYMMDD} Completed</body>
    </email>
    <ok to="End"/>
    <error to="End"/>
  </action>

  <action name="Email_Alert_Failure">
    <email xmlns="uri:oozie:email-action:0.1">
      <to>${Email_List}</to>
      <subject>${Project} ${Payer} ${YYYYMMDD} Failed</subject>
      <body>${Project} ${Payer} ${YYYYMMDD} Failed</body>
    </email>
    <ok to="fail"/>
    <error to="fail"/>
  </action>

  <kill name="fail">
    <message>Something failed, error message[${wf:errorMessage(wf:lastErrorNode())}]</message>
  </kill>

  <end name="End"/>
</workflow-app>
