<coordinator-app name="YieldModelAutomation Coordinator"
                 frequency="${coord:minutes(10)}"
                 start="${start}"
                 end="${end}"
                 timezone="UTC"
                 xmlns="uri:oozie:coordinator:0.2">

 
  <action>
    <workflow>
      <app-path>${APP_PATH}/YieldModelAutomation_Master_WF.xml</app-path>
      <configuration>
        <property>
          <name>YYYYMMDD</name>
          <value>${coord:formatTime(coord:nominalTime(), 'yyyyMMdd')}</value>
        </property>
      </configuration>
    </workflow>
  </action>
</coordinator-app>

