<workflow-app
        xmlns="uri:oozie:workflow:0.5"
        name="${Project} ${Payer} Master Workflow ${ENV}">

    <global>
        <job-tracker>${JobTracker}</job-tracker>
        <name-node>${NameNode}</name-node>
        <configuration>
            <property>
                <name>mapred.job.queue.name</name>
                <value>${QueueName}</value>
            </property>
            <property>
                <name>oozie.launcher.mapred.map.child.java.opts</name>
                <value>-Xmx2048m</value>
            </property>
            <property>
                <name>mapred.map.child.java.opts</name>
                <value>-Xmx8192m</value>
            </property>
            <property>
                <name>mapred.reduce.child.java.opts</name>
                <value>-Xmx6144m</value>
            </property>
            <property>
                <name>YYYYMMDD</name>
                <value>${timestamp()}</value>
            </property>
        </configuration>
    </global>

    <credentials>
        <credential name="hive2" type="hive2">
            <property>
                <name>hive2.jdbc.url</name>
                <value>jdbc:hive2://usamlhdpm02.cotiviti.com:10000/default</value>
            </property>
            <property>
                <name>hive2.server.principal</name>
                <value>hive/usamlhdpm02.cotiviti.com@COTIVITI.COM</value>
            </property>
        </credential>
    </credentials>

    <start to="Job_Start_Insert"/>


    <action name="Job_Start_Insert">
        <sub-workflow>
            <app-path>${OAI_OPS_Project}/job_start_insert_Sub_WF.xml</app-path>
            <propagate-configuration/>
            <configuration>
                <property>
                    <name>job_id</name>
                    <value>${wf:id()}</value>
                </property>
            </configuration>
        </sub-workflow>
        <ok to="Merge_of_Model"/>
        <error to="Job_Failed_Update"/>
    </action>





    <fork name = "DCS_Table_Run_Fork">
        <path start = "RUN_HDR_BLUE"/>
        <path start = "RUN_DTL_BLUE"/>
        <path start = "RUN_PROC_BLUE"/>
        <path start = "RUN_DIAG_BLUE"/>

    </fork>



    <action name="RUN_HDR_BLUE">
        <shell xmlns="uri:oozie:shell-action:0.2">
            <job-tracker>${JobTracker}</job-tracker>
            <name-node>${NameNode}</name-node>
            <exec>run_Hdr_Blue.sh</exec>
            <argument>${hdr_JAR_NAME}</argument>
            <argument>${ENV}</argument>
            <argument>${SOURCE_DB}</argument>
            <argument>${TARGET_DB}</argument>
            <argument>${outputLocation}</argument>
            <file>run_Hdr_Blue.sh#run_Hdr_Blue.sh</file>
            <file>${hiveFile}#${hiveFile}</file>
            <file>/user/${UserName}/svcdataml.keytab#svcdataml.keytab</file>
            <file>/user/${UserName}/${UserName}.keytab#${UserName}.keytab</file>
            <file>hdfs://Atlanta-ml/mldev/unrestricted/JarRepo/FL/${hdr_JAR_NAME}#${hdr_JAR_NAME}</file>

        </shell>
        <ok to="DCS_Table_Run_Join"/>
        <error to="Job_Failed_Update"/>
    </action>




    <action name="RUN_DTL_BLUE">
        <shell xmlns="uri:oozie:shell-action:0.2">
            <job-tracker>${JobTracker}</job-tracker>
            <name-node>${NameNode}</name-node>
            <exec>run_Dtl_Blue.sh</exec>
            <argument>${dtl_JAR_NAME}</argument>
            <argument>${ENV}</argument>
            <argument>${SOURCE_DB}</argument>
            <argument>${TARGET_DB}</argument>
            <argument>${outputLocation}</argument>
            <file>run_Dtl_Blue.sh#run_Dtl_Blue.sh</file>
            <file>${hiveFile}#${hiveFile}</file>
            <file>/user/${UserName}/svcdataml.keytab#svcdataml.keytab</file>
            <file>/user/${UserName}/${UserName}.keytab#${UserName}.keytab</file>
            <file>hdfs://Atlanta-ml/mldev/unrestricted/JarRepo/FL/${dtl_JAR_NAME}#${dtl_JAR_NAME}</file>

        </shell>
        <ok to="DCS_Table_Run_Join"/>
        <error to="Job_Failed_Update"/>
    </action>




    <action name="RUN_PROC_BLUE">
        <shell xmlns="uri:oozie:shell-action:0.2">
            <job-tracker>${JobTracker}</job-tracker>
            <name-node>${NameNode}</name-node>
            <exec>run_Proc_Blue.sh</exec>
            <!--<argument>run_Proc_Blue.sh</argument>-->
            <argument>${proc_JAR_NAME}</argument>
            <argument>${outputLocation}</argument>
            <argument>${SOURCE_DB}</argument>
            <argument>${TARGET_DB}</argument>
            <argument>${ENV}</argument>
            <argument>${csv_path}</argument>
            <file>run_Proc_Blue.sh#run_Proc_Blue.sh</file>
            <file>${hiveFile}#${hiveFile}</file>
            <file>/user/${UserName}/svcdataml.keytab#svcdataml.keytab</file>
            <file>/user/${UserName}/${UserName}.keytab#${UserName}.keytab</file>
            <file>hdfs://Atlanta-ml/mldev/unrestricted/JarRepo/FL/${proc_JAR_NAME}#${proc_JAR_NAME}</file>

        </shell>
        <ok to="DCS_Table_Run_Join"/>
        <error to="Job_Failed_Update"/>
    </action>




    <action name="RUN_DIAG_BLUE">
        <shell xmlns="uri:oozie:shell-action:0.2">
            <job-tracker>${JobTracker}</job-tracker>
            <name-node>${NameNode}</name-node>
            <exec>run_Diag_Blue.sh</exec>
            <!--<argument>COE_DTL_RevFlags_FL</argument>-->
            <argument>${diag_JAR_NAME}</argument>
            <argument>${ENV}</argument>
            <argument>${SOURCE_DB}</argument>
            <argument>${TARGET_DB}</argument>
            <argument>${outputLocation}</argument>
            <argument>${csv_path}</argument>
            <file>run_Diag_Blue.sh#run_Diag_Blue.sh</file>
            <file>${hiveFile}#${hiveFile}</file>
            <file>/user/${UserName}/svcdataml.keytab#svcdataml.keytab</file>
            <file>/user/${UserName}/${UserName}.keytab#${UserName}.keytab</file>
            <file>hdfs://Atlanta-ml/mldev/unrestricted/JarRepo/FL/${diag_JAR_NAME}#${diag_JAR_NAME}</file>

        </shell>
        <ok to="DCS_Table_Run_Join"/>
        <error to="Job_Failed_Update"/>
    </action>



    <join name="DCS_Table_Run_Join" to = "COE_Model_Run"/>


    <action name="COE_Model_Run">
        <shell xmlns="uri:oozie:shell-action:0.2">
            <job-tracker>${JobTracker}</job-tracker>
            <name-node>${NameNode}</name-node>
            <exec>COE_Model_Run.sh</exec>
            <argument>${ENV}</argument>
            <env-var>HADOOP_USER_NAME=${wf:user()}</env-var>
            <file>COE_Model_Run.sh#COE_Model_Run.sh</file>
            <file>${hiveFile}#${hiveFile}</file>
            <file>${Jar_Repo}/CV_MS_007/CV_MS_007v1_dcs.jar#CV_MS_007v1_dcs.jar</file>
            <file>${Jar_Repo}/DRG870to872/DRG870to872v1_dcs.jar#DRG870to872v1_dcs.jar</file>
            <file>${DR_batch_scoring_coe}#${DR_batch_scoring_coe}</file>
            <file>/user/${UserName}/${UserName}.keytab#${UserName}.keytab</file>
            <!--capture-output/-->
        </shell>
        <!--<ok to="Email_Alert_Success"/>-->
        <ok to="Merge_of_Model"/>
        <error to="Job_Failed_Update"/>
    </action>

    <action name="Merge_of_Model">
        <shell xmlns="uri:oozie:shell-action:0.2">
            <job-tracker>${JobTracker}</job-tracker>
            <name-node>${NameNode}</name-node>
            <exec>Merge_of_Model.sh</exec>
            <argument>${ENV}</argument>
            <env-var>HADOOP_USER_NAME=${wf:user()}</env-var>
            <file>Merge_of_Model.sh#Merge_of_Model.sh</file>
            <file>${hiveFile}#${hiveFile}</file>
            <file>/user/${UserName}/${UserName}.keytab#${UserName}.keytab</file>
            <!--capture-output/-->
        </shell>
        <!--<ok to="Email_Alert_Success"/>-->
        <ok to="Email_Alert_Success"/>
        <error to="Job_Failed_Update"/>
    </action>

    <action name="step_09_final">
        <shell> xmlns="uri:oozie:shell-action:0.2">
            <job-tracker>${JobTracker}</job-tracker>
            <name-node>${NameNode}</name-node>
            <exec>step_09_Final.sh</exec>
            <argument>${ENV}</argument>
            <file>step_09_Final.sh#step_09_Final.sh</file>
            <file>${hiveFile}#${hiveFile}</file>
            <file>/user/${UserName}/${UserName}.keytab#${UserName}.keytab</file>
            <capture-output/>
        </shell>
        <ok to="Email_Alert_Success"/>
        <error to="Job_Failed_Update"/>
    </action>

    <action name="Email_Alert_Success">
        <shell xmlns="uri:oozie:shell-action:0.2">
            <job-tracker>${JobTracker}</job-tracker>
            <name-node>${NameNode}</name-node>
            <exec>${WF_Completion_Email_Script}</exec>
            <argument>${JOB_COMPLETION_EMAIL_LIST}</argument>
            <argument>${ENV}</argument>
            <file>${WF_Completion_Email_Script}#${WF_Completion_Email_Script}</file>
        </shell>
        <ok to="Job_Completed_Update"/>
        <error to="Job_Failed_Update"/>
    </action>


    <action name="Job_Completed_Update">
        <sub-workflow>
            <app-path>${OAI_OPS_Project}/job_completed_update_Sub_WF.xml</app-path>
            <propagate-configuration/>
            <configuration>
                <property>
                    <name>job_id</name>
                    <value>${wf:id()}</value>
                </property>
            </configuration>
        </sub-workflow>
        <ok to="End" />
        <error to="Job_Failed_Update" />
    </action>


    <action name="Job_Failed_Update">
        <sub-workflow>
            <app-path>${OAI_OPS_Project}/job_failed_update_Sub_WF.xml</app-path>
            <propagate-configuration/>
            <configuration>
                <property>
                    <name>error</name>
                    <value>The error is ${wf:errorMessage(wf:lastErrorNode())}</value>
                </property>
                <property>
                    <name>job_id</name>
                    <value>${wf:id()}</value>
                </property>
            </configuration>
        </sub-workflow>
        <ok to="fail" />
        <error to="fail" />
    </action>

    <kill name="fail">
        <message>Something failed, error message[${wf:errorMessage(wf:lastErrorNode())}]</message>
    </kill>

    <end name="End"/>
</workflow-app>
