<workflow-app 
	xmlns="uri:oozie:workflow:0.5" 
	name="${Project_Name} Sub-WF ${SourceView}">

  <start to="Sqoop_Data"/>
  
  <action name="Sqoop_Data">
    <sqoop xmlns="uri:oozie:sqoop-action:0.2">
      <job-tracker>${JobTracker}</job-tracker>
      <name-node>${NameNode}</name-node>
      <prepare>
        <delete path="${Store_Path}"/>
      </prepare>
      <arg>import</arg>
      <arg>--connect</arg>
      <arg>${connectURL}</arg>
      <arg>--username</arg>
      <arg>${UserName}</arg>
      <arg>--password-file</arg>
      <arg>${PwFilePath}</arg>
      <arg>--connection-manager</arg>
      <arg>${ConnectionManager}</arg>
      <arg>--driver</arg>
      <arg>${Driver}</arg>
      <arg>--query</arg>
      <arg>select ${Column_List}
      	   from ${SourceView}
      	   where ${Where_Clause}
      	     and $CONDITIONS</arg>
      <arg>--as-parquetfile</arg>
      <arg>--target-dir</arg>
      <arg>${Store_Path}</arg>
	  <arg>--compression-codec</arg>
	  <arg>snappy</arg>
      <arg>--fetch-size</arg>
      <arg>100</arg>
      <arg>--null-string</arg>
      <arg></arg>
      <arg>--null-non-string</arg>
      <arg></arg>
      <arg>--verbose</arg>
      <arg>-m</arg>
      <arg>1</arg>
    </sqoop>
    <ok to="end"/>
    <error to="fail"/>
  </action>
  
  <kill name="fail">
    <message>Something failed, error message[${wf:errorMessage(wf:lastErrorNode())}]</message>
  </kill>

  <end name="end"/>
</workflow-app>
